{"init_params": {"cat_dims": [], "cat_emb_dim": [], "cat_idxs": [], "clip_value": 1, "device_name": "cuda", "epsilon": 1e-15, "gamma": 1.3, "grouped_features": [], "input_dim": 500, "lambda_sparse": 0.0001, "mask_type": "entmax", "momentum": 0.02, "n_a": 32, "n_d": 32, "n_indep_decoder": 1, "n_independent": 2, "n_shared": 2, "n_shared_decoder": 1, "n_steps": 3, "optimizer_params": {"lr": 0.0002, "weight_decay": 1e-05}, "output_dim": 1, "scheduler_params": {"T_0": 10, "T_mult": 1, "eta_min": 1e-08}, "seed": 42, "verbose": 1}, "class_attrs": {"preds_mapper": null}}